,document_id,page_no,features,tech_debt,security,arch
0,1122,8,Network Protocol: HTTP,0.3145234,0.55033255,0.15282312
1,1122,8,OS: Windows 8 / 8.1 / 10 (64-bit OS required),0.53073305,0.19099677,0.39604136
2,1122,8,OS: Windows 7  (64-bit OS required),0.5280913,0.21619031,0.4033816
3,1122,8,Memory: 4 GB RAM,0.15674844,0.004093677,0.9350767
4,1122,9,Graphics: NVIDIA GeForce GTX 750Ti(2 GB),0.27872792,0.03315723,0.8244791
5,1122,9,Storage: 10 GB ,0.22579297,0.01894228,0.8747797
